1,103.9,-168.24,-0.00096,1039
2,99.91,-191.55,-0.00044,2138
3,113.1,-314.63,-0.00061,3269
4,95.82,-284.25,-0.0009,4323
5,97.92,-148.2,-0.00109,5498
6,89.25,-184.02,0.00011,6569
7,94.55,-170.99,-0.00025,7609
8,103.9,-144.06,-3e-05,8648
9,99.45,-155.49,-0.00029,9742
10,95.91,-163.33,-0.00021,10797
11,104.3,-169.76,-0.00034,11840
12,94.42,-150.22,-0.00024,12973
13,102.82,-175.97,-9e-05,14104
14,99.82,-155.77,-0.00022,15202
15,110.4,-105.56,-0.00023,16306
16,105.1,-136.73,-0.00018,17357
17,98.0,-150.05,-0.0004,18435
18,102.18,-139.59,-0.00018,19559
19,98.27,-139.24,-0.00061,20640
20,106.5,-88.52,-0.00053,21705
21,97.09,-115.68,-2e-05,22773
22,104.7,-111.79,-0.00017,23820
23,101.27,-122.78,-0.00018,24934
24,104.0,-96.41,-8e-05,25974
25,93.27,-142.83,-0.00077,27000
26,82.69,-92.33,-8e-05,28075
27,99.18,-131.34,-0.0004,29166
28,100.27,-126.14,-0.00138,30269
29,89.0,-98.0,-4e-05,31337
30,94.5,-112.05,-0.00072,32471
31,94.55,-145.48,-0.0005,33511
32,105.3,-114.93,-0.00023,34564
33,97.55,-104.55,-8e-05,35637
34,100.55,-109.73,-0.00018,36743
35,91.67,-105.61,-0.00018,37843
36,92.25,-97.45,-0.00021,38950
37,100.18,-135.54,-0.00105,40052
38,87.08,-119.32,-0.00122,41184
39,95.18,-139.21,-0.00059,42231
40,88.92,-127.96,-0.00072,43298
41,97.27,-118.05,-0.00021,44368
42,86.75,-124.91,-0.00059,45409
43,91.92,-106.79,0.0,46512
44,80.57,-113.91,-0.00071,47640
45,98.73,-125.66,-0.00041,48726
46,96.09,-125.79,-0.00087,49783
47,87.58,-100.89,0.00026,50834
48,95.45,-89.55,-0.00012,51884
49,94.09,-148.82,-0.00107,52919
50,87.92,-109.01,-0.00235,53974
51,90.92,-102.67,7e-05,55065
52,88.08,-84.83,0.00037,56122
53,85.83,-127.9,-0.00062,57152
54,86.58,-97.29,-0.00026,58191
55,91.0,-89.7,-0.00075,59283
56,82.38,-111.9,-0.00038,60354
57,91.75,-107.1,0.00021,61455
58,89.75,-130.46,-0.00078,62532
59,95.36,-115.47,0.00018,63581
60,87.0,-101.27,-0.00025,64712
61,79.92,-93.56,-0.00017,65751
62,90.25,-122.21,-0.00019,66834
63,87.5,-76.11,-0.00047,67884
64,81.92,-80.28,-0.00049,68949
65,93.67,-105.88,-0.00033,70073
66,102.7,-98.66,-1e-05,71100
67,91.5,-94.97,4e-05,72198
68,86.67,-71.66,-0.00014,73238
69,93.18,-88.84,-3e-05,74263
70,90.83,-93.7,-0.00025,75353
71,84.15,-68.26,-1e-05,76447
72,99.91,-93.97,-0.00033,77546
73,91.83,-79.41,-0.0007,78648
74,86.25,-91.78,-0.0019,79683
75,106.3,-111.64,-8e-05,80746
76,90.33,-84.76,-0.00071,81830
77,106.5,-146.76,-0.00012,82895
78,97.73,-96.06,-0.00098,83970
79,102.6,-97.54,-0.00091,84996
80,114.44,-97.86,-0.00011,86026
81,108.7,-80.15,2e-05,87113
82,102.73,-91.26,-2e-05,88243
83,118.33,-121.2,-0.00074,89308
84,98.27,-91.31,-0.00015,90389
85,99.36,-86.21,-0.00036,91482
86,110.5,-94.05,0.00013,92587
87,96.09,-70.84,-0.00029,93644
88,98.64,-76.22,-0.00039,94729
89,91.0,-78.41,-5e-05,95821
90,108.5,-100.98,-0.00034,96906
91,107.1,-87.51,0.00019,97977
92,92.08,-77.4,-0.00027,99082
93,93.45,-70.34,-0.00016,100110
94,94.82,-78.21,-8e-05,101153
95,99.18,-90.57,-0.00038,102244
96,109.3,-82.35,-0.00037,103337
97,104.8,-70.5,-0.00059,104385
98,100.18,-89.41,0.00018,105487
99,98.73,-99.33,-0.00088,106573
100,104.6,-68.5,-0.00078,107619
101,98.36,-109.15,-0.00035,108701
102,90.92,-59.16,4e-05,109792
103,101.27,-74.93,-0.00032,110906
104,102.55,-88.45,-9e-05,112034
105,98.64,-74.42,-0.00042,113119
106,98.91,-71.64,-0.00045,114207
107,119.56,-79.06,-0.00087,115283
108,109.5,-92.69,-0.00026,116378
109,102.73,-78.39,-0.00023,117508
110,93.91,-59.3,-0.00036,118541
111,100.36,-65.81,-0.0007,119645
112,98.73,-55.62,-0.00034,120731
113,111.9,-52.33,-0.00043,121850
114,110.9,-65.94,-0.00026,122959
115,113.9,-51.92,-0.00035,124098
116,113.0,-72.14,-0.00093,125228
117,106.5,-63.4,-0.00035,126293
118,118.89,-44.35,-0.00123,127363
119,133.25,-31.13,-0.0011,128429
120,131.62,-44.32,-0.00115,129482
121,107.3,-32.47,0.00011,130555
122,153.86,-49.29,3e-05,131632
123,255.0,-51.25,-0.00015,133417
124,131.75,-51.59,-0.00051,134471
125,155.86,-39.63,-1e-04,135562
126,131.5,-55.01,-0.00146,136614
127,135.0,-33.89,-0.00035,137694
128,143.12,-36.54,6e-05,138839
129,282.67,-36.3,-0.00022,140535
130,144.38,-38.42,-0.0007,141690
131,375.33,-152.34,-0.0006,142816
132,150.14,-27.0,8e-05,143867
133,261.29,-51.33,-0.00051,145696
134,418.33,4.95,-0.00061,146951
135,283.0,-132.58,0.00014,148083
136,158.57,-36.98,-0.00065,149193
137,292.0,-50.94,-0.0002,150361
138,283.5,-83.95,0.00011,151495
139,585.0,-33.13,-0.00035,152665
140,161.14,-33.89,-0.00015,153793
141,168.43,-77.29,-0.00034,154972
142,300.0,-29.64,-0.0,156472
143,150.57,-6.62,-0.00051,157526
144,130.62,-1.29,-0.00051,158571
145,424.67,-62.71,-0.00063,159845
146,261.25,-139.73,0.00032,160890
147,147.5,-11.14,-0.00049,162070
148,264.0,-35.31,-0.00065,163390
149,717.5,-242.32,4e-05,164825
150,396.33,-71.14,-5e-05,166014
151,347.0,-75.03,-0.00016,167055
152,572.5,-68.59,-0.00016,168200
153,371.75,-156.9,-0.00015,169687
154,178.67,-43.54,-0.00032,170759
155,205.43,-9.9,-0.00029,172197
156,593.0,-24.43,-0.00031,173383
157,164.14,-27.11,-0.00044,174532
158,309.6,-76.89,6e-05,176080
159,527.5,-188.35,-0.00033,177135
160,347.67,-161.49,-6e-05,178178
161,593.5,-54.23,-0.00033,179365
162,277.5,-121.76,5e-05,180475
163,216.6,-84.96,-0.00012,181558
164,281.0,-34.15,-4e-05,182682
165,163.0,-41.08,-0.00027,183823
166,223.71,-90.76,-9e-05,185389
167,593.0,-196.79,-0.00029,186575
168,420.0,-69.73,-5e-05,187835
169,182.67,-76.49,-0.00026,188931
170,147.86,-33.54,-0.00078,189966
171,215.0,-60.44,-0.00083,191041
172,356.5,-18.39,-0.00055,192467
173,132.62,-26.34,0.00045,193528
174,130.25,-13.89,-0.00057,194570
175,151.14,-33.96,-0.00013,195628
176,150.0,-6.06,-0.00047,196678
177,155.71,-55.75,0.0,197768
178,146.57,3.65,-9e-05,198794
179,139.5,-2.17,-0.00086,199910
180,127.22,-1.61,-0.00014,201055
181,151.29,0.16,-0.00063,202114
182,156.86,-12.66,-0.00065,203212
183,172.75,-39.07,0.00026,204594
184,141.5,-24.13,-0.00023,205726
185,536.5,-33.63,-0.00013,206799
186,365.5,-52.87,-8e-05,208261
187,563.0,-44.71,-0.00043,209387
188,167.29,-71.21,-0.00025,210558
189,389.67,-115.09,-0.00026,211727
190,125.89,-28.67,-0.0007,212860
191,128.11,-65.27,-0.00167,214013
192,236.2,-57.74,-2e-05,215194
193,548.0,-60.07,-3e-05,216290
194,298.8,-26.4,1e-04,217784
195,142.12,-14.95,0.00012,218921
196,145.0,-11.14,-0.00034,220081
197,159.86,-53.19,-0.00045,221200
198,210.78,-20.94,-1e-05,223097
199,123.56,-5.39,-0.00038,224209
200,487.75,-75.96,-0.0002,226160
201,127.11,1.59,-0.0003,227304
202,269.67,-4.94,4e-05,228922
203,575.0,-13.27,-0.00022,230072
204,354.25,-10.18,-0.00019,231489
205,121.78,-9.21,-0.00137,232585
206,192.57,-43.96,0.00046,233933
207,179.33,4.87,-0.00052,235009
208,220.6,-41.72,-0.00081,236112
209,183.17,-13.05,0.00021,237211
210,138.44,-16.53,-9e-05,238457
211,150.71,3.14,-0.00026,239512
212,296.0,-14.49,-5e-05,240992
213,612.67,-78.86,-0.00011,242830
214,155.0,28.49,-0.0003,243915
215,115.56,6.4,-0.00025,244955
216,115.67,6.04,-8e-05,245996
217,263.5,0.3,-0.00022,247577
218,133.12,-5.8,-0.00027,248642
219,244.0,10.82,-0.00017,250594
220,279.5,-11.57,-0.00039,252271
221,128.11,12.07,-0.00011,253424
222,127.22,-1.22,-0.00042,254569
223,570.0,-64.13,-0.00044,255709
224,212.2,-10.3,-0.00029,256770
225,570.0,-20.71,-0.00031,257910
226,135.62,16.04,-0.00038,258995
227,121.0,-21.35,-0.00072,260084
228,556.0,36.37,-0.00045,261196
229,387.0,-61.93,-0.00027,262357
230,408.67,2.61,-0.00052,263583
231,525.0,-139.38,0.00029,264633
232,126.0,-1.78,-0.00043,265767
233,289.6,-0.23,4e-05,267215
234,263.0,4.08,1e-05,268793
235,286.8,-6.16,-0.00019,270227
236,985.0,-79.64,0.0,272197
237,359.0,-138.64,-0.001,273274
238,1000.0,-66.68,9e-05,275274
239,577.5,-7.32,-0.00068,276429
240,213.4,-66.81,-0.00034,277496
241,817.0,-115.96,-0.00013,279130
242,582.33,-94.67,-0.00025,280877
243,570.5,7.98,-0.00102,282018
244,580.0,-50.17,-0.00037,283178
245,615.5,-101.1,-0.00019,284409
246,568.5,19.4,-9e-05,285546
247,814.5,-136.93,-1e-05,287175
248,291.67,-0.78,-0.00011,288925
249,299.33,-10.82,-0.00021,290721
250,568.0,5.09,-0.00011,291857
251,811.0,-116.25,-8e-05,293479
252,458.0,-12.43,-0.00023,294853
253,571.0,-16.67,-0.00014,295995
254,566.0,-17.08,-0.00036,297127
255,164.14,7.53,-0.0002,298276
256,428.33,-3.23,-0.0013,299561
257,650.0,-21.67,1e-05,300861
258,585.0,2.49,-0.00084,302031
259,294.0,-53.51,0.00021,303501
260,158.29,6.12,-0.00027,304609
261,392.67,-130.25,-8e-05,305787
262,340.8,19.97,-0.00029,307491
263,1000.0,-84.15,-0.00013,309491
264,615.5,-58.29,-0.00054,310722
265,574.0,6.21,-0.00044,311870
266,1000.0,-35.55,-0.00021,313870
267,646.5,-69.72,-0.00032,315163
268,589.5,-34.13,8e-05,316342
269,536.67,0.24,-0.0002,317952
270,582.0,-11.02,-0.00071,319116
271,587.5,-113.33,-0.00041,320291
272,1000.0,15.38,-0.00025,322291
273,335.8,11.92,-0.00016,323970
274,597.5,27.93,1e-05,325165
275,599.0,-7.69,-0.00037,326363
276,157.14,13.72,-0.00028,327463
277,366.0,-20.7,-0.00014,328561
278,189.17,-38.81,1e-05,329696
279,282.67,12.59,-0.00024,331392
280,489.25,-90.96,-1e-05,333349
281,473.5,-41.35,-0.00044,335243
282,1000.0,5.57,-0.00016,337243
283,565.5,30.64,-0.00012,338374
284,450.0,-0.93,-0.00017,339724
285,446.0,-2.99,2e-05,341508
286,533.33,-25.37,-0.0002,343108
287,569.0,2.59,-0.00026,344246
288,559.5,0.87,2e-05,345365
289,588.5,-6.95,-0.00067,346542
290,388.33,-110.07,0.00023,347707
291,434.33,3.99,-9e-05,349010
292,456.67,3.58,-7e-05,350380
293,302.75,-66.98,-0.0004,351591
294,746.5,-126.35,-1e-05,353084
295,1000.0,-28.36,-1e-05,355084
296,569.0,14.39,-5e-05,356222
297,1000.0,7.27,-0.00025,358222
298,363.33,-114.15,-0.00039,359312
299,574.67,-82.7,0.0,361036
300,578.0,-19.16,-0.00012,362192
301,569.5,19.65,-0.00018,363331
302,365.5,13.6,-0.00056,364793
303,150.0,18.14,-0.00055,365843
304,145.12,17.19,-0.00089,367004
305,364.5,-21.64,-0.00038,368462
306,264.67,12.25,-0.00022,370050
307,129.88,-0.55,-0.00044,371089
308,322.4,-26.24,-0.00054,372701
309,551.5,-22.57,-0.00072,373804
310,566.0,-4.48,-0.00038,374936
311,131.12,-15.27,-0.00036,375985
312,283.43,-28.46,-0.00083,377969
313,345.0,-46.31,-0.00024,379694
314,425.67,-17.22,-0.00075,380971
315,578.0,-12.02,-0.00154,382127
316,563.5,-14.79,-0.00057,383254
317,262.29,16.91,0.0,385090
318,128.11,26.47,-9e-05,386243
319,136.88,22.73,-0.00026,387338
320,428.67,-3.32,-0.00027,388624
321,316.33,-7.61,-0.0003,390522
322,450.67,11.72,-0.00111,391874
323,564.0,-0.84,0.00013,393002
324,436.0,14.11,-0.00014,394310
325,328.83,-0.28,-0.0,396283
326,391.75,25.48,-0.00017,397850
327,470.33,9.04,-0.00011,399261
328,700.0,-216.87,-0.00047,400661
329,465.25,-108.96,3e-05,402522
330,439.33,15.73,-0.00019,403840
331,379.4,21.66,-0.00034,405737
332,602.5,-40.73,-0.00012,406942
333,568.0,7.62,-0.00106,408078
334,580.5,0.92,-0.00056,409239
335,593.5,16.11,0.00016,410426
336,151.43,31.86,1e-05,411486
337,560.5,15.53,-0.00029,412607
338,596.0,-14.62,-0.0003,413799
339,595.5,-81.29,-6e-05,414990
340,1000.0,-99.07,-4e-05,416990
341,1000.0,-17.58,-7e-05,418990
342,377.0,-111.17,-6e-05,420121
343,1000.0,-7.35,-0.00034,422121
344,404.0,-140.65,-4e-05,423737
345,418.0,28.86,-1e-04,424991
346,568.5,2.93,-0.00032,426128
347,584.0,-4.46,-0.00026,427296
348,366.5,16.05,-0.00012,428762
349,592.5,8.17,-0.00016,429947
350,626.5,-27.79,-0.00031,431200
351,511.33,-87.29,5e-05,432734
352,580.0,-24.06,-0.00019,433894
353,589.5,-36.9,-0.00011,435073
354,425.67,32.91,-0.00032,436350
355,197.86,-22.77,3e-05,437735
356,322.8,12.55,-7e-05,439349
357,619.67,-179.14,-0.00016,441208
358,434.0,24.09,-0.00027,442510
359,589.0,-16.08,-0.00028,443688
360,356.75,31.59,1e-04,445115
361,565.0,13.54,-0.00097,446245
362,315.0,9.96,-0.00029,447820
363,147.5,32.83,-0.00042,449000
364,1000.0,3.09,-0.00017,451000
365,292.83,-8.14,-0.00033,452757
366,558.5,3.97,-0.00051,453874
367,1000.0,-40.17,-0.00102,455874
368,567.0,3.37,-0.0007,457008
369,675.0,-87.39,0.00039,458358
370,392.25,-23.92,-0.00016,459927
371,500.67,-96.3,-0.00038,461429
372,370.75,31.59,-0.00056,462912
373,1000.0,5.76,-0.00078,464912
374,588.5,22.22,-0.0009,466089
375,599.5,52.18,3e-05,467288
376,266.5,-39.51,-0.00134,468354
377,1000.0,26.21,0.00013,470354
378,601.0,-3.6,-0.00025,471556
379,1000.0,28.29,8e-05,473556
380,537.0,-220.15,-0.0006,474630
381,450.33,-74.08,0.00024,475981
382,559.5,10.51,-0.00031,477100
383,556.5,-12.93,-5e-05,478213
384,565.0,31.03,-0.00041,479343
385,1000.0,-25.37,-7e-05,481343
386,334.8,25.34,-0.00011,483017
387,437.67,24.81,-0.00087,484330
388,1000.0,-35.41,-0.0003,486330
389,565.5,-4.05,-0.00019,487461
390,727.0,-55.91,-0.00056,488915
391,439.75,-64.41,-0.00043,490674
392,1000.0,-26.51,0.00014,492674
393,392.75,16.31,-0.00015,494245
394,570.0,7.73,-0.00012,495385
395,724.0,-71.11,-0.00013,496833
396,1000.0,-13.35,-8e-05,498833
397,356.4,19.99,-6e-05,500615
398,1000.0,-77.52,-0.00023,502615
399,501.33,-24.94,1e-05,504119
400,603.0,37.1,-0.00037,505325
401,1000.0,-40.15,-0.0,507325
402,632.5,-96.13,-0.00025,508590
403,576.5,-103.0,-0.00064,509743
404,779.5,-59.35,-0.00069,511302
405,618.5,12.57,-0.00113,512539
406,438.25,-11.06,-0.00028,514292
407,1000.0,-41.25,-9e-05,516292
408,580.0,5.01,-0.00058,517452
409,390.5,-35.15,7e-05,519014
410,591.5,-31.06,-0.00047,520197
411,592.5,21.46,9e-05,521382
412,574.0,-18.45,-0.00044,522530
413,649.0,-84.14,-1e-05,523828
414,581.0,-58.16,-0.00031,524990
415,584.5,5.31,-0.00085,526159
416,451.67,18.14,-1e-05,527514
417,289.5,-37.33,-0.00063,528672
418,365.67,-75.54,0.00017,529769
419,432.0,0.53,-0.00022,531065
420,1000.0,20.84,-0.00044,533065
421,457.0,-20.4,-0.00013,534436
422,332.2,14.34,-0.00014,536097
423,567.0,-18.61,-0.00014,537231
424,565.0,-2.84,-0.00012,538926
425,422.67,22.1,0.0,540194
426,585.0,34.63,-0.00024,541364
427,166.86,27.24,-7e-05,542532
428,375.5,32.12,-0.00014,544034
429,287.71,17.45,-5e-05,546048
430,358.0,38.95,-0.00029,547480
431,563.0,31.3,-0.00068,548606
432,259.0,-41.28,-0.00075,549642
433,444.33,19.77,-0.00027,550975
434,143.38,7.68,-0.00021,552122
435,179.43,5.84,1e-05,553378
436,319.8,48.67,-0.00044,554977
437,131.5,25.99,-0.00029,556029
438,244.75,23.41,-0.001,557987
439,583.5,15.9,-0.00172,559154
440,138.5,13.37,-2e-05,560262
441,364.6,-27.62,2e-05,562085
442,1000.0,34.69,-7e-05,564085
443,1000.0,46.47,-0.00035,566085
444,238.5,10.96,-3e-05,567993
445,427.67,15.93,-0.00111,569276
446,132.38,15.38,0.00021,570335
447,556.5,66.55,-0.00145,571448
448,271.43,9.57,-0.00041,573348
449,136.88,23.02,-0.00093,574443
450,276.86,13.55,-0.00023,576381
451,169.14,13.32,-6e-05,577565
452,433.67,34.44,-9e-05,578866
453,389.0,29.22,-0.00025,580422
454,219.6,-13.78,-0.00047,581520
455,618.5,52.46,-0.00046,582757
456,598.5,35.76,-0.00012,583954
457,323.6,19.7,-0.00029,585572
458,583.5,30.11,-0.001,586739
459,582.5,22.76,-9e-05,587904
460,157.14,25.11,-0.00039,589004
461,564.0,56.24,4e-05,590132
462,568.0,68.95,-0.00072,591268
463,428.5,-27.72,-0.00013,592982
464,339.6,45.52,-3e-05,594680
465,590.0,81.28,-0.0003,595860
466,575.0,-4.49,-8e-05,597010
467,380.5,44.51,-3e-05,598532
468,580.0,41.1,-0.00034,599692
469,607.0,10.43,-0.00031,600906
470,578.5,22.13,-0.00056,602063
471,600.5,2.2,-0.00022,603264
472,595.5,3.05,0.00018,604455
473,573.5,13.44,-0.00045,605602
474,1000.0,46.39,-5e-05,607602
475,372.2,-0.62,-0.00016,609463
476,589.5,35.19,-8e-05,610642
477,170.57,8.45,-0.00099,611836
478,560.0,42.07,-0.00107,612956
479,382.75,2.56,-0.00053,614487
480,157.71,4.3,-0.00038,615591
481,134.62,11.3,-1e-04,616668
482,288.17,39.81,-0.00058,618397
483,140.12,21.01,-0.00026,619518
484,239.25,14.39,7e-05,621432
485,431.0,62.25,-0.00011,622725
486,265.75,-30.15,-0.00047,623788
487,290.33,47.33,-0.00062,625530
488,430.67,22.35,-0.0002,626822
489,562.5,53.64,-0.00032,627947
490,582.0,49.33,-0.00061,629111
491,383.0,38.92,2e-05,630643
492,1000.0,5.69,-0.00041,632643
493,575.5,14.49,1e-04,633794
494,586.5,34.29,-0.00053,634967
495,1000.0,41.61,-0.00057,636967
496,576.0,48.19,-0.00094,638119
497,603.0,45.67,-0.00108,639325
498,564.0,40.95,0.00015,640453
499,568.0,41.77,-0.0005,641589
500,330.4,47.7,-0.00013,643241
501,310.2,52.87,-0.00017,644792
502,357.5,47.13,-0.00028,646222
503,579.5,16.02,-0.00077,647381
504,431.67,43.81,-7e-05,648676
505,444.67,26.34,-0.00033,650010
506,556.0,49.86,-4e-05,651122
507,575.0,54.34,4e-05,652272
508,584.5,64.31,-0.00013,653441
509,447.0,-90.19,-0.00182,654782
510,594.0,5.97,-0.00046,655970
511,1000.0,-40.82,-0.00035,657970
512,1000.0,9.9,0.00024,659970
513,1000.0,54.2,-0.00021,661970
514,1000.0,62.67,1e-05,663970
515,1000.0,-19.76,-0.00013,665970
516,1000.0,48.85,-0.00016,667970
517,667.33,-79.24,-0.00011,669972
518,583.5,61.06,-0.0002,671139
519,972.5,-108.23,-0.00037,673084
520,601.0,73.42,-0.0014,674286
521,595.5,-0.18,-0.00353,675477
522,920.5,16.24,0.00021,677318
523,361.25,44.96,0.00066,678763
524,150.43,32.74,-0.00024,679816
525,581.0,79.1,-5e-05,680978
526,597.5,22.1,-0.00129,682173
527,575.5,32.27,-0.00034,683324
528,438.5,15.32,-3e-05,685078
529,584.0,21.15,-0.00015,686246
530,568.5,48.71,-0.00027,687383
531,594.5,-16.92,-0.00123,688572
532,385.5,26.98,0.00011,690114
533,580.0,7.85,-0.00076,691274
534,391.8,-12.18,-0.00055,693233
535,1000.0,49.8,-0.00144,695233
536,794.0,-72.73,2e-05,696821
537,537.67,-75.17,0.00015,698434
538,542.5,-175.22,-0.00033,699519
539,783.5,-116.19,-0.00021,701086
540,1000.0,-31.82,-0.00032,703086
541,687.0,-112.88,-0.00023,704460
542,675.5,-122.71,-0.00023,705811
543,525.5,-98.26,-0.00073,706862
544,1000.0,-10.83,-0.00065,708862
545,1000.0,8.53,-0.00106,710862
546,1000.0,18.65,0.00028,712862
547,1000.0,29.48,-6e-05,714862
548,1000.0,48.22,-0.00015,716862
549,631.5,20.46,-0.00055,718125
550,1000.0,-18.87,-0.00093,720125
551,1000.0,7.33,-0.0004,722125
552,834.5,-252.75,-0.00124,723794
553,653.0,12.05,0.00021,725100
554,1000.0,-25.15,-6e-05,727100
555,785.5,-14.69,-0.00012,728671
556,1000.0,-26.03,-0.00021,730671
557,740.5,-120.18,-0.00011,732152
558,1000.0,-22.56,-0.00026,734152
559,1000.0,2.09,4e-05,736152
560,1000.0,24.08,-0.00022,738152
561,1000.0,-41.71,-7e-05,740152
562,655.0,-99.43,-0.00052,741462
563,1000.0,-68.18,7e-05,743462
564,1000.0,-35.06,-0.00012,745462
565,1000.0,0.09,-0.00023,747462
566,598.5,-39.4,-0.00024,748659
567,1000.0,-9.8,-0.0004,750659
568,1000.0,-19.18,0.00019,752659
569,1000.0,-29.58,-8e-05,754659
570,1000.0,4.62,1e-05,756659
571,1000.0,-37.74,-0.00012,758659
572,1000.0,-2.87,-0.00011,760659
573,658.5,-11.54,-0.00053,761976
574,1000.0,-8.61,-0.00032,763976
575,1000.0,-63.65,2e-05,765976
576,1000.0,51.37,-1e-05,767976
577,1000.0,-14.39,-0.00019,769976
578,1000.0,-3.36,-0.00021,771976
579,1000.0,-33.36,1e-05,773976
580,628.5,-27.91,-0.00011,775233
581,1000.0,-3.31,-0.00013,777233
582,584.0,46.98,1e-05,778401
583,1000.0,23.01,-0.00037,780401
584,1000.0,8.85,-1e-05,782401
585,606.5,41.11,-0.00062,783614
586,598.0,24.79,8e-05,784810
587,576.0,38.63,-0.0004,785962
588,1000.0,9.49,-0.00035,787962
589,574.0,-15.39,-0.00032,789110
590,670.0,-35.16,-0.00029,791120
591,593.5,60.11,-0.00018,792307
592,1000.0,20.93,-0.00071,794307
593,597.0,61.49,-0.00056,795501
594,1000.0,51.99,-5e-05,797501
595,581.5,26.12,-0.00076,798664
596,578.0,52.76,-0.00022,799820
597,591.0,71.99,-0.00039,801002
598,583.0,45.91,0.00016,802168
599,367.0,50.64,-4e-05,803636
600,571.0,58.18,-0.00095,804778
601,148.71,21.83,-2e-05,805819
602,234.2,-12.99,-0.00015,806990
603,1000.0,54.41,-0.00018,808990
604,446.67,8.49,-0.00016,810330
605,584.0,66.67,-0.00055,811498
606,584.5,50.5,-0.00026,812667
607,305.0,35.47,0.00012,814497
608,1000.0,40.59,-0.00015,816497
609,393.75,25.31,-0.00022,818072
610,913.5,-121.2,2e-05,819899
611,600.5,66.21,-0.00048,821100
612,421.67,58.27,-0.0008,822365
613,1000.0,54.41,-0.00042,824365
614,1000.0,55.59,-0.0,826365
615,1000.0,-1.07,-0.00013,828365
616,1000.0,44.71,-6e-05,830365
617,608.0,-10.06,-0.00097,831581
618,570.5,61.05,0.00035,832722
619,581.5,43.81,-0.00084,833885
620,1000.0,63.53,-6e-05,835885
621,408.5,-7.29,-8e-05,837519
622,1000.0,37.29,-0.00036,839519
623,1000.0,77.68,-0.00042,841519
624,385.75,22.16,-0.00033,843062
625,574.5,60.55,-0.0019,844211
626,589.0,-2.83,-0.00205,845389
627,588.0,53.51,0.00051,846565
628,1000.0,17.47,0.00018,848565
629,1000.0,-9.03,-2e-05,850565
630,621.0,-6.49,-0.00031,851807
631,597.0,22.33,-0.00047,853001
632,1000.0,53.54,-9e-05,855001
633,571.5,27.88,-0.00069,856144
634,600.0,33.2,-0.00021,857344
635,1000.0,99.73,-2e-05,859344
636,1000.0,23.24,-8e-05,861344
637,472.33,49.48,-9e-05,862761
638,226.2,-0.94,-0.0006,863892
639,1000.0,-20.19,0.00019,865892
640,677.0,-121.86,-0.00037,867246
641,1000.0,56.92,4e-05,869246
642,598.5,52.18,-0.00027,870443
643,462.0,41.3,-0.00018,871829
644,443.0,33.98,-0.00021,873158
645,447.67,49.5,-0.00014,874501
646,376.5,46.76,-0.00036,876007
647,455.0,45.07,-0.00121,877372
648,1000.0,61.8,0.00041,879372
649,608.5,26.49,-0.00089,880589
650,565.0,26.98,-0.00045,881719
651,1000.0,81.71,-0.00028,883719
652,463.0,42.84,-0.00049,885108
653,1000.0,-23.08,-0.0002,887108
654,1000.0,99.35,-0.00058,889108
655,452.33,37.15,-7e-05,890465
656,621.5,44.59,-0.00018,891708
657,1000.0,39.47,-7e-05,893708
658,1000.0,-0.84,-0.00047,895708
659,597.5,39.49,-0.00097,896903
660,1000.0,95.84,-0.00109,898903
661,374.0,63.78,-0.00035,900399
662,390.25,41.39,0.0003,901960
663,599.5,67.08,-0.00017,903159
664,462.67,65.69,-0.00047,904547
665,1000.0,78.09,0.00023,906547
666,584.0,48.16,-0.00046,907715
667,446.67,67.82,9e-05,909055
668,1000.0,93.6,-0.00019,911055
669,1000.0,95.82,-0.00059,913055
670,399.5,35.82,0.00023,914653
671,578.0,85.63,-0.00078,915809
672,601.0,52.31,-0.00134,917011
673,1000.0,73.9,0.00052,919011
674,1000.0,79.54,-0.0003,921011
675,1000.0,87.27,-0.00011,923011
676,642.5,43.17,-0.00017,924296
677,449.33,72.43,-0.00084,925644
678,1000.0,81.55,4e-05,927644
679,594.0,55.7,-5e-05,928832
680,715.5,-13.05,-0.00025,930263
681,1000.0,11.52,-0.00014,932263
682,600.5,43.27,0.00011,933464
683,580.0,48.28,-0.00024,934624
684,594.5,88.86,-0.00108,935813
685,1000.0,85.14,0.00015,937813
686,463.0,60.42,-0.00071,939202
687,1000.0,42.72,-9e-05,941202
688,632.5,73.57,-0.00039,942467
689,1000.0,105.36,-0.00044,944467
690,569.0,69.68,-0.00035,945605
691,597.5,17.89,-0.00021,946800
692,452.33,24.77,-0.00035,948157
693,1000.0,89.64,-0.00019,950157
694,468.67,37.22,-0.00059,951563
695,596.5,77.99,-0.0008,952756
696,417.75,63.91,-0.00087,954427
697,609.5,58.32,0.00045,955646
698,1000.0,95.31,-0.00011,957646
699,1000.0,50.26,2e-05,959646
700,461.67,40.2,-0.00042,961031
701,1000.0,77.15,1e-04,963031
702,1000.0,57.82,-0.0002,965031
703,1000.0,105.84,-0.00036,967031
704,1000.0,75.18,-6e-05,969031
705,596.0,68.74,-0.0003,970223
706,653.0,34.68,-9e-05,971529
707,1000.0,60.39,-0.00035,973529
708,1000.0,81.72,-0.00065,975529
709,1000.0,70.96,-0.00034,977529
710,894.0,-78.35,-0.00034,979317
711,1000.0,51.04,-0.00031,981317
712,1000.0,105.55,-0.00016,983317
713,1000.0,97.61,-5e-05,985317
714,609.0,65.04,-0.00176,986535
715,587.5,65.48,-0.00072,987710
716,594.0,39.47,-0.00069,988898
717,1000.0,106.79,-0.00044,990898
718,581.5,88.52,-1e-04,992061
719,1000.0,57.26,-0.00014,994061
720,1000.0,110.71,8e-05,996061
721,601.5,42.61,-0.00029,997264
722,1000.0,90.02,-0.0,999264
723,1000.0,88.69,-0.00028,1001264
724,608.5,44.29,-0.00018,1002481
725,595.0,54.46,-0.00061,1003671
726,1000.0,94.97,-0.00038,1005671
